{"zipcode":{"0":"10004","1":"10005","2":"10006","3":"10007","4":"10168","5":"10001","6":"10002","7":"10003","8":"10037","9":"10165"},"income":{"0":null,"1":101172.1991701245,"2":null,"3":76459.6273291925,"4":63295.2182952183,"5":64919.6493791088,"6":44063.704684397,"7":65234.8461299347,"8":43871.6969537354,"9":56331.8181818182},"population":{"0":0.0,"1":1140.0,"2":0.0,"3":3776.0,"4":4946.0,"5":5628.0,"6":71137.0,"7":47233.0,"8":28116.0,"9":3442.0},"housing":{"0":1517200.0,"1":1210900.0,"2":null,"3":2636900.0,"4":null,"5":2333200.0,"6":885800.0,"7":1525100.0,"8":null,"9":null},"housing_median":{"0":1015200.0,"1":983000.0,"2":665000.0,"3":2240000.0,"4":0.0,"5":110500.0,"6":581000.0,"7":982900.0,"8":425900.0,"9":0.0},"restaurant_number":{"0":2,"1":5,"2":0,"3":3,"4":0,"5":3,"6":8,"7":19,"8":2,"9":0},"restaurant_avg_rating":{"0":3.0,"1":2.9,"2":0.0,"3":3.8333333333,"4":0.0,"5":4.0,"6":4.0625,"7":3.9736842105,"8":3.75,"9":0.0}}